,name,link,city
0,Alabama Mineral & Lapidary Society,http://www.lapidaryclub.com/,Birmingham
1,Dothan Gem & Mineral Club,http://www.wiregrassrockhounds.com/,Dothan
2,Huntsville Gem and Mineral Society,http://huntsvillegms.org/,Huntsville
3,Mobile Rock & Gem Society,http://www.mobilerockandgem.com/,Mobile
4,Montgomery Gem & Mineral Society,http://montgomerygemandmineralsociety.com/mgms/,Montgomery
5,Chugach Gem & Mineral Society,http://www.chugachgemandmineralsociety.com/,Anchorage
6,Mat-Su Rock and Mineral Club,http://matsurockclub.com/,Palmer
7,Apache Junction Rock and Gem Club,http://www.ajrockclub.com/,Apache Junction
8,Black Canyon City Rock Club,http://www.bccrockclub.mysite.com/,Black Canyon City
9,Daisy Mountain Rock & Mineral Club,http://www.dmrmc.com/,Anthem
10,Gila County Gem & Mineral Society,http://gilagem.org/,Miami
11,Huachuca Mineral and Gem Club,http://www.huachucamineralandgemclub.info/,Sierra Vista
12,Lake Havasu Gem & Mineral Society,http://www.lakehavasugms.org/,Lake Havasu City
13,Mineralogical Society of Arizona,http://www.msaaz.org/,Scottsdale
14,Mingus Gem & Mineral Club,http://www.mingusclub.org/,Cottonwood
15,Mohave County Gemstoners,http://www.gemstoners.org/,Kingman
16,Old Pueblo Lapidary Club,http://www.lapidaryclub.org/,Tucson
17,Prescott Gem & Mineral Club,http://www.prescottgemmineral.org/,Prescott Valley
18,Quartzsite Roadrunners Gem & Mineral Club,http://www.qrgmc.org/,Quartzsite
19,Rockhounds West,http://rockhounds.scwclubs.com/,Phoenix
20,Sedona Gem & Mineral Club,http://www.sedonagemandmineral.org/,Sedona
21,Silvery Colorado River Rock Club,http://scrrc.blogspot.com/,Bullhead City
22,Sunsites Gem and Mineral Club,https://sites.google.com/site/cochisecountyrock/,Pearce
23,Tucson Gem and Mineral Society,http://www.tgms.org/,Tucson
24,Verde River Rockhounds,http://www.verderiverrockhounds.com/,Cottonwood
25,West Valley Rock & Mineral Club,http://www.westvalleyrockandmineralclub.com/,Buckeye
26,White Mountain Gem & Mineral Club,http://whitemountain-azrockclub.org/,Show Low
27,Wickenburg Gem and Mineral Society,http://www.wickenburggms.org/,Wickenburg
28,"Central Arkansas Gem, Mineral and Geology Society",http://www.centralarrockhound.org/,Little Rock
29,Northwest Arkansas Gem & Mineral Society,http://www.nwarockhounds.org/,Siloam Springs
30,"Ozark Earth Science Gem, Mineral & Fossil Club",https://www.ozarkearthscience.com/,Mountain Home
31,Amador County Gem & Mineral Society,http://www.amadorgemandmineral.org/,Sutter Creek
32,American Opal Society,http://www.opalsociety.org/,Anaheim
33,Antelope Valley Gem and Mineral Club,http://avgem.weebly.com/,Lancaster
34,Antioch Lapidary Club,http://www.antiochlapidaryclub.com/,Antioch
35,Borrego Rock and Gem Club,http://www.abdnha.org/bragclub.html,Borrego Springs
36,Calaveras Gem & Mineral Society,http://www.calaverasgemandmineral.org/,Angels Camp
37,Carmel Valley Gem and Mineral Society,http://www.cvgms.rocks/,Pacific Grove
38,Central Coast Treasure Hunters Association,http://www.cctha.org/,San Luis Obispo
39,Coalinga Rockhound Society,https://sites.google.com/site/coalingarockhounds/,Coalinga
40,Conejo Gem & Mineral Club,http://www.cgamc.org/,Thousand Oaks
41,Contra Costa Mineral & Gem Society,http://www.ccmgs.org/,Concord
42,The Culver City Rock and Mineral Club,http://culvercityrocks.org/,Culver City
43,Del Air Rockhounds Club,http://delairrockhounds.blogspot.com/,Northridge
44,Delvers Gem & Mineral Society,https://delversgemclub.wordpress.com/,Bellflower
45,El Cajon Valley Gem & Mineral Society,http://www.ecvgms.org/,El Cajon
46,El Dorado County Mineral and Gem Society,http://www.eldoradomineralandgem.org/,Placerville
47,Faceters Guild of Southern California,http://www.fgosc.com/,Buena Park
48,"Fallbrook Gem and Mineral Society, Inc.",http://www.fgms.org/FGMS/Home.html,Fallbrook
49,Feather River Lapidary & Mineral Society,http://www.featherriverrocks.org/,Oroville
50,First Class Miners,http://www.firstclassminers.org/,Yucca Valley
51,"Fossils for Fun Society, Inc.",https://www.facebook.com/The-Fossils-for-Fun-Society-994879667246272/,North Highlands
52,Fresno Gem & Mineral Society,http://fgms.us/,Fresno
53,Gold Country Treasure Seekers,https://goldcountrytreasureseekers.shutterfly.com/,Placerville
54,Hi-Desert Rockhounds of Morongo Valley,http://www.hi-desertrockhounds.org/,Yucca Valley
55,Indian Wells Valley Gem & Mineral Society,http://indianwells.weebly.com/,Ridgecrest
56,Kern County Mineral Society,http://kerncountymineralsociety.org/,Bakersfield
57,Lemoore Gem and Mineral Club,https://www.facebook.com/Lemoore-Gem-and-Mineral-Club-706220872829687/,Lemoore
58,Livermore Valley Lithophiles,http://www.lithophiles.com/,Livermore
59,Line Pine Gem & Mieral Society,http://lpgms.org/,Lone Pine
60,Mariposa Gem & Mineral Club,http://mariposagmc.org/,Mariposa
61,Mineral & Gem Society of Castro Valley,http://www.mgscv.org/,Hayward
62,Mineralogical Society of Southern California,http://www.mineralsocal.org/,Pasadena
63,Mojave Desert Gem & Mineral Society,http://www.mdgms.net/,Barstow
64,Monrovia Rock Hounds Inc.,http://www.moroks.com/,Monrovia
65,Mother Lode Mineral Society,http://www.motherlodemineralsociety.com/,Modesto
66,Needles Gem & Mineral Club,http://needlesgemmineralclub.blogspot.com/,Mohave Valley
67,Nevada County Gem & Mineral Society,http://www.ncgms.org/,Grass Valley
68,Northern California Geological Society,http://www.ncgeolsoc.org/,Orinda
69,North Orange County Gem & Mineral Society,http://www.nocgms.com/,La Habra
70,Orange Belt Mineralogical Society,http://obmsrocks.yolasite.com/,San Bernardino
71,Orcutt Mineral Society,http://www.omsinc.org/,Santa Maria
72,Oxnard Gem & Mineral Society,http://oxnardgem.com/home/,Oxnard
73,Palmdale Gem & Mineral Club,https://www.facebook.com/palmdalegemandmineralclub/,Palmdale
74,Palomar Gem & Mineral Club,http://palomargem.org/,Escondido
75,Palos Verdes Gem & Mineral Society,http://www.palos-verdes-gem-and-mineral-society.org/,Rolling Hills Estates
76,Paradise Gem & Mineral Club,http://www.paradisegem.org/,Paradise
77,Pasadena Lapidary Society,http://www.pasadenalapidarysociety.org/,Pasadena
78,"Peninsula Gem & Geology Society, Inc.",http://pggs.org/,Los Altos
79,Roseville Rock Rollers,http://www.rockrollers.com/,Roseville
80,Route 66 Gold Miners Inc,http://www.route66goldminers.org/,Brea
81,Sacramento Mineral Society,http://www.sacramentomineralsociety.org/,Sacramento
82,Sacramento Valley Detecting Buffs,http://www.sacramentovalleydetectingbuffs.com/,North Highlands
83,Salinas Valley Rock and Gem Club,https://salinasrockandgem.pagecloud.com/,Salinas
84,San Diego Gem and Mineral Society,http://www.sdmg.org/,San Diego
85,San Diego Lapidary Society,http://sandiegolapidarysociety.org/,San Diego
86,"San Francisco Gem and Mineral Society, Inc.",http://www.sfgms.org/,San Francisco
87,San Joaquin Valley Lapidary Society,http://sjvls.blogspot.com/,Bakersfield
88,San Luis Obispo Gem & Mineral Club,http://www.slogem.org/,San Luis Obispo
89,"Santa Ana Rock & Mineral Club, Inc.",http://www.sarmclub.org/,Santa Ana
90,Santa Clara Valley Gem & Mineral Society,http://www.scvgms.org/,San Jose
91,Santa Cruz Mineral and Gem Society,https://www.facebook.com/scmgs/,Santa Cruz
92,Santa Lucia Rockhounds,http://www.slrockhounds.org/,Paso Robles
93,"Santa Rosa Mineral And Gem Society, Inc.",http://www.srmgs.org/,Santa Rosa
94,Searchers Gem and Mineral Society,https://www.searchersrocks.org/,Anaheim
95,"Searles Lake Gem and Mineral Society, Inc.",http://www1.iwvisp.com/tronagemclub/,Trona
96,Sequoia Gem and Mineral Society,http://www.sequoiagemandmineralsociety.org/,Redwood City
97,Shadow Mountain Gem & Mineral Society,http://www.shadowmountaingemmineral.org/,Palm Springs
98,Shasta Gem & Mineral Society,http://www.shastagemandmineral.com/,Redding
99,Sierra Pelona Rock Club,http://www.sierrapelona.com/,Newhall
100,South Bay Lapidary & Mineral Society,https://southbaylapidaryandmineralsociety.com/,Torrance
101,South Orange County Gem & Mineral Society,https://www.facebook.com/South-Orange-County-Gem-Mineral-Society-255366124502612/,San Clemente
102,Southern California Paleontological Society,http://socalpaleo.com/,Los Angeles
103,Stockton Lapidary & Mineral Club,http://www.stocktonlapidary.com/,Stockton
104,Sutter Buttes Gem & Mineral Society,https://sutterbuttesgemmin.org/,Marysville
105,Tehachapi Valley Gem & Mineral Society,http://www.tvgms.org/,Tehachapi
106,Tule Gem and Mineral Society,http://www.tulegem.com/,Farmersville
107,Vallejo Gem & Mineral Society,http://www.vjgems.org/,Vallejo
108,"Valley Prospectors, Inc.",https://www.valleyprospectors.com/,San Bernardino
109,"Ventura Gem & Mineral Society, Inc",http://vgms.org/,Ventura
110,Victor Valley Gem and Mineral Club,http://www.vvgmc.org/,Victorville
111,Vista Gem & Mineral Society,http://www.vistarocks.org/,Vista
112,West Coast Prospectors & Treasure Hunters Association,http://westcoasters.org/,Garden Grove
113,West End Prospectors Corporation,http://www.wepcgold.com,Norco
114,"Whittier Gem and Mineral Society, Inc.",http://wgmsca.com/index.html,Whittier
115,"Woodland Hills Rock Chippers, Inc.",http://www.rockchippers.org/,San Fernando Valley
116,Yucaipa Valley Gem & Mineral Society,http://www.yvgms.org/wiki/,Yucaipa
117,Canon City Geology Club,http://www.canoncitygeologyclub.com/,Canon City
118,Colorado Gold Camp,http://coloradogoldcamp.com/,Frisco
119,Colorado Mineral Society,http://www.coloradomineralsociety.org/,Lakewood
120,Colorado Prospector,http://www.coloradoprospector.com/,Alamosa
121,Colorado Springs Mineral Society,http://www.csms1936.com/,Colorado Springs
122,Columbine Gem and Mineral Society,http://rockaholics.org/,Salida
123,Denver Gem and Mineral Guild,http://denvergem.org/index.html,Denver
124,Flatirons Mineral Club,http://flatironsmineralclub.org/,Boulder
125,Fort Collins Rockhounds,http://www.fortcollinsrockhounds.org/,Fort Collins
126,Four Corners Gem & Mineral Club,http://www.durangorocks.org/,Durango
127,Friends of Mineralogy - Colorado Chapter ,http://friendsofmineralogycolorado.org/,Denver
128,Grand Junction Gem & Mineral Club,http://www.grandjunctionrockclub.org/,Grand Junction
129,Lake George Gem & Mineral club,http://www.lggmclub.org/,Lake George
130,"Littleton Gem and Mineral Club, Inc.",http://littletongemandmineralclub.com/,Littleton
131,Mile High Rock and Mineral Society,http://www.milehirams.com/,Arvada
132,North Jeffco Gem & Mineral Club,http://www.peaktopeak.com/njeffco/index.php,Arvada
133,Pueblo Rockhounds,http://www.pueblorockhounds.org/,Pueblo
134,Western Interior Paleontological Society,http://www.westernpaleo.org/,Denver
135,Bristol Gem & Mineral Club,http://bristolgem.org/,Bristol
136,Danbury Mineralogical Society,http://danburymineralogicalsociety.weebly.com/,Danbury
137,Lapidary and Mineral Society of Central Connecticut,http://www.lmscc.org/,Meriden
138,New Haven Mineral Club,http://www.newhavenmineralclub.org/,New Haven
139,Stamford Mineralogical Society,http://www.stamfordmineralsociety.org/,Stamford
140,"Delaware Mineralogical Society, Inc.",http://www.delminsociety.net/,Wilmington
141,Canaveral Mineral & Gem Society,http://www.canaveral-mgs.com/,Melbourne
142,Central Brevard Rock and Gem Club,http://www.centralbrevardgems.org/,Merritt Island
143,Central Florida Mineral and Gem Society,http://www.cfmgs.org/,Winter Park
144,Florida Fossil Hunters,http://floridafossilhunters.com/,Orlando
145,Florida Gold Coast Gem & Mineral Society,http://fgcgms.com/main/,Hollywood
146,Fossil Club of Lee County,http://www.fcolc.com/,Ft. Myers
147,Gainesville Gem & Mineral Society,http://gainesvillegms.weebly.com/,Gainesville
148,Gem and Mineral Society of the Palm Beaches,http://www.gemandmineralsociety.org/,West Palm Beach
149,"Imperial Bone Valley Gem, Mineral, & Fossil Society",http://www.bonevalley.net/,Lakeland
150,"Jacksonville Gem and Mineral Society, Inc.",http://www.jaxgemandmineral.org/,Jacksonville
151,"Miami Mineralogical and Lapidary Guild, Inc.",http://www.mmlg-inc.org/,Miami
152,Playground Gem and Mineral Society,http://playgroundgem.org/,Ft. Walton Beach
153,Southwest Florida Fossil Society,http://www.southwestfloridafossilsociety.org/,Punta Gorda
154,St Lucie County Rock and Gem Club,http://www.slcrockandgem.org/,Port St Lucie
155,Suncoast Gem and Mineral Society,http://sgams.com/,St Petersburg
156,Tampa Bay Fossil Club,http://www.tampabayfossilclub.com/,Palm Harbor
157,"Tampa Bay Mineral & Science Club, Inc.",http://www.tampabayrockclub.com/,Tampa
158,The Villages Gem and Mineral Society,http://www.thevillagesgemandmineralsociety.com/,The Villages
159,Tomoka Faceters Guild,http://www.tomokafacetersguild.org/index.html,Palm Coast
160,Withlacoochee Rockhounds,http://www.withlacoocheerockhounds.com/,Spring Hill
161,Athens Rock and Gem Club,http://www.athensrockandgemclub.org/,Athens
162,Augusta Gem & Mineral Society,http://agams.club/,Augusta
163,Cobb County Gem and Mineral Society,https://www.ccgms.org/,Marietta
164,"Georgia Mineral Society, Inc.",http://www.gamineral.org/,Norcross
165,Mid-Georgia Gem and Mineral Society,http://midgagmsorg.ipage.com/,Macon
166,Rome Georgia Mineral Society Inc.,https://rogams.wordpress.com/,Rome
167,"Hui Pohaku 'O Hawai'i Rock & Mineral Society of Hawai'i, Inc.",http://pohakugalore.net/Hui_pohaku/Hiu_pohaku_1.html,Honolulu
168,"Hells Canyon Gem Club, Inc.",http://www.hellscanyongemclub.com/,Lewiston
169,Idaho Falls Gem & Mineral Society,http://ifgemmineral.weebly.com/,Idaho Falls
170,"Idaho Gem Club, Inc.",http://www.idahogemclub.com/,Boise
171,Magic Valley Gem Club,http://magicvalleygemclub.org/,Twin Falls
172,North Idaho Mineral Club,http://www.northidahomineralclub.com/,Coeur d'Alene
173,Owyhee Gem & Mineral Society,http://www.owyheerocks.com/,Caldwell
174,Pend Oreille Rock and Gem Club,https://pendoreillerockandgemclub.wordpress.com/,Oldtown
175,Southeast Idaho Gem and Mineral Society,https://www.facebook.com/SEIGMS,Boise
176,Black Hawk Gem & Mineral Club,http://www.blackhawkgemandmineralclub.com/,Rock Island
177,Central Illinois Gem & Mineral Club,http://rmkapta.wixsite.com/cigmc,Decatur
178,Chicago Rocks & Minerals Society,http://www.chicagorocks.org/,Skokie
179,Elgin Rock Club,http://elginrockclub.org/,Elgin
180,"Geodeland Earth Science Clubs, Inc.",http://www.geodeland.com/,Macomb
181,Lincoln Orbit Earth Science Society,http://www.loess.org/,Springfield
182,Midwest Historical Research Society,http://www.mhrsusa.com/,Chicago
183,Northwest Illinois Rock Club,http://nwilrockclubfrpt.blogspot.com/,Freeport
184,Peoria Academy of Science Geology Section,http://www.pasgeology.com/,Peoria
185,Southern Illinois Earth Science Club,http://www.siesclub.org/,Benton
186,West Central Illinois Rock & Mineral Club,http://www.rockchatter.com/,Macomb
187,West Suburban Lapidary Club,http://www.westsuburbanlapidaryclub.com/,Elmhurst
188,500 Earth Sciences Club,http://www.500earthsciencesclub.org/,Indianapolis
189,Brown County Rock and Mineral Club,http://browncountyrock.webs.com/,Nashville
190,Calumet Gem & Mineral Society,https://www.facebook.com/calumetrockclub,Crown Point
191,Evansville Lapidary Society,http://evansvillelapidarysociety.tumblr.com/,Evansville
192,"Eastern Indiana Gem & Geological Society, Inc.",http://eiggs.weebly.com/,Richmond
193,"Lawrence County Rock Club, Inc",http://www.lawrencecountyrockclub.org/,Bedford
194,"Michiana Gem & Mineral Society, Inc.",http://www.michianagms.org/,South Bend
195,Three Rivers Gem & Mineral Society,http://3riversgem_mineral.tripod.com/,Fort Wayne
196,Cedar Valley Rocks and Minerals Society,http://www.cedarvalleyrockclub.org/,Cedar Rapids
197,Des Moines Lapidary Society,http://dmlapidary.org/,Des Moines
198,Geology Club @ Cornell College,http://orgs.cornellcollege.edu/geo_club/,Mount Vernon
199,Iowa State University Geology Club,https://www.facebook.com/ISUGEOCLUB/,Ames
200,River Valley Rockhounds,http://amfed.org/mwf/states/Iowa/RiverValley.html,Fort Dodge
201,The Sac & Fox Lapidary Club,http://members.iowatelecom.net/billrath/rock_club.html,Fairfield
202,Olathe Gem and Mineral Society,http://olathegemclub.com/,Kansas City
203,Topeka Gem & Mineral Society,http://www.topekagms.org/,Topeka
204,Wichita Gem and Mineral Society,http://www.wgmsks.org/,Wichita
205,Wichita Paleontological Society,http://www.reocities.com/CapeCanaveral/Hangar/4265/home.html,Wichita
206,Blue Grass Gem & Mineral Club of Central Kentucky,http://bggamc.homestead.com/,Lexington
207,KYANA Geological Society,http://www.kyanageo.org/,Louisville
208,Kentucky Paleontological Society,http://www.uky.edu/OtherOrgs/KPS/,Lexington
209,Ark-La-Tex Gem & Mineral Society,http://larockclub.com/,Shreveport
210,Baton Rouge Gem & Mineral Society,http://www.brgemandmineral.org/,Baton Rouge
211,DeRidder Gem & Mineral Society,https://www.facebook.com/DeRidder-Gem-Mineral-Society-1123146734440993/,Leesville
212,Kennebec Rocks and Minerals Club,http://kennebec-rocksandminerals.com/,Winthrop
213,Maine Mineralogical & Geological Society,http://mainemineralclub.org/,Portland
214,Oxford County Mineral and Gem Association,http://ocmgassoc.blogspot.com/,South Paris
215,Penobscot Mineral and Lapidary Club,http://penobscotminerallapidaryclub.com/index.html,Milford
216,American Fossil Federation,http://americanfossilfederation.org/Home.html,Bowie
217,Baltimore Mineral Society,http://www.baltimoremineralsociety.org/,Baltimore
218,Calvert Marine Museum Fossil Club,http://www.calvertmarinemuseum.com/209/Fossil-Club,Solomons
219,Central Maryland Rock and Mineral Collectors Exchange,https://www.meetup.com/rockhounds/,Elkridge
220,Chesapeake Gem & Mineral Society,http://www.chesapeakegemandmineral.org/,Baltimore
221,"Gem Cutters Guild of Baltimore, Inc.",http://www.gemcuttersguild.com/,Baltimore
222,"Gem, Lapidary, and Mineral Society of Montgomery County, MD., Inc.",http://www.glmsmc.com/,Rockville
223,Maryland Geological Society,http://www.ecphora.net/mgs/,Bowie
224,Micromineralogists of the National Capital Area,http://dcmicrominerals.org/,"Washington, DC"
225,Patuxent Lapidary Guild,http://www.patuxentlapidary.org/,Annapolis
226,Southern Maryland Rock and Mineral Club,http://www.smrmc.org/,Clinton
227,The Mineralogical Society of the District of Columbia,http://www.mineralogicalsocietyofdc.org/,"Washington, DC"
228,"Boston Mineral Club, Inc.",http://www.bostonmineralclub.org/,Boston
229,Connecticut Valley Mineral Club,http://www.cvmineralclub.org/,Springfield
230,Micromounters of New England,http://micromountersofnewengland.org/,Chemlsford
231,Nashoba Valley Mineralogical Society,http://www.americantowns.com/ma/westford/organization/nashoba_valley_mineralogical_society,Westford
232,North Shore Rock & Mineral Club of Massachusetts,http://www.northshorerock.org/,South Hamilton
233,Northern Berkshire Mineral Club,http://nbmclub.webs.com/,North Adams
234,Southeastern Massachusetts Mineral Club,http://semmc.com/,Bridgewater
235,Worcester Mineral Club,http://worcestermineralclub.org/,Worcester
236,"Big Rapids Rock, Gem & Mineral Club",https://sites.google.com/site/bigrapidsrockgemmineralclub/,Big Rapids
237,Central Michigan Lapidary and Mineral Society,http://michrocks.org/,Lansing
238,Copper Country Rock and Mineral Club,http://www.ccrmc.info/,Dollar Bay
239,Flint Rock and Gem Club,http://www.flintrockandgem.org/,Flint
240,Grand Traverse Area Rock and Mineral Club,http://tcrockhounds.com/,Traverse City
241,Indian Mounds Rock & Mineral Club,http://www.indianmoundsrockclub.com/,Wyoming
242,Ishpeming Rock and Mineral Club,http://www.ishpemingrocks.org/,Ishpeming
243,Kalamazoo Geological & Mineral Society,http://kalamazoorockclub.org/,Kalamazoo
244,Livingston Gem & Mineral Society,http://www.livingstongemandmineralsociety.com/,Howell
245,Michigan Gem & Mineral Society,http://mgmsrockclub.com/,Michigan Center
246,Michigan Mineralogical Society,https://www.michmin.org/,Bloomfield Hills
247,Mid-Michigan Rock Club,http://www.midmichrockclub.com/?Page=1,Midland
248,Midwest Faceters' Guild,http://www.midwestfaceters.org/,Grand Rapids
249,Midwest Mineralological & Lapidary Society,http://www.mmls.us/,Taylor
250,Mikenauk Rock and Gem Club,http://mikenaukclub.weebly.com/,Roscommon
251,Mount Clemens Gem & Lapidary Society,http://mcgls.org/,Mt. Clemens
252,Oakland County Earth Science Club,http://www.ocesc.com/,Waterford
253,Roamin Club,https://roaminrockclub.weebly.com/,Livonia
254,StateLine Gem & Mineral Society,http://statelinegms.com/,Morenci
255,"Tulip City Gem & Mineral Club, Inc.",http://www.tulipcity.org/,Holland
256,Anoka County Gem & Mineral Club,http://www.amfed.org/mwf/states/Minnesota/AnokaGem.html,Minneapolis
257,"Cuyuna Rock, Gem and Mineral Society",http://cuyunarockclub.org/wp/,Brainerd
258,Minnesota Mineral Club,http://minnesotamineralclub.org/,Falcon Heights
259,Minnesota Valley Gem & Mineral Club,http://www.mnvalleygemandmineralclub.com/,Mankato
260,St Croix Rockhounds,http://stcroixrockhounds.org/,Stillwater
261,"Harrison County Gem & Mineral Society, Inc.",http://www.gulfportgems.org/,Gulfport
262,Mississippi Gem & Mineral Society,http://missgems.org/,Jackson
263,Mississippi Geological Society,http://www.missgeo.com/,Jackson
264,Mississippi Gulf Coast Gem and Mineral Society,http://www.mgcgms.org/,Ocean Springs
265,North Mississippi Gem and Mineral Society,http://www.nmgms.org/,Tupelo
266,Central Missouri Rock and Lapidary Club,http://www.cmrlc.org/,Columbia
267,Independence Gem & Mineral Society,http://www.igams.co/,Independence
268,Missouri Valley Gem & Mineral Society,http://www.movalleyrockclub.com/,St. Joseph
269,"Mozarkite Society of Lincoln, Inc.",http://www.mozarkite.com/,Lincoln
270,Ozark Mountain Gem & Mineral Society,https://www.facebook.com/omgms.57,Springfield
271,Rock Hobby Club of Greater Saint Louis,xxxxxhttp://rockhobby.stlearthsci.org/Home.aspxxxxxx,St. Louis
272,Rockwood Gem & Mineral Society,http://rockwood.stlearthsci.org/,St. Louis
273,St. Louis Mineral & Gem Society,http://www.stlrockclub.com/,St. Louis
274,"Show Me Gems & Minerals Club, Inc.",http://showme.stlearthsci.org/,St. Peters
275,Show-Me Rockhounds Kansas City,https://showmerockhounds.com/,Kansas City
276,"Billings Gem & Mineral Club, Inc.",http://www.billingsgemclub.com/,Billings
277,Bitterroot Gem & Mineral Society,http://www.ravalligemandmineralclub.org/,Corvallis
278,Bozeman Gem and Mineral Club,http://bozemangemandmineralclub.com/,Bozeman
279,Hellgate Mineral Society,https://www.facebook.com/HellgateMineralSociety/,Missoula
280,Kalispell Rockhound Club,http://www.kalispellrockhounds.org/,Kalispell
281,"Lincoln Gem & Mineral Club, Inc.",https://www.lincolngemmineralclub.org/,Lincoln
282,Comstock Gold Prospectors,http://cgpgold.org/,Reno
283,Great Basin Gem & Mineral Club,http://greatbasingemandmineralclub.rocks/,Carson City
284,High Desert Rockers,https://highdesertrockers.wordpress.com/,Carson City
285,Nye Gold Seekers,http://nyegoldseekers.webs.com/,Pahrump
286,Reno Gem and Mineral Society,http://www.renorockhounds.com/,Reno
287,Southern Nevada Gem and Mineral Society,http://www.snvgms.org/,Las Vegas
288,Capital Mineral Club,http://www.capitalmineralclub.org/,Concord
289,Keene Mineral Club,https://sites.google.com/site/keenemineralclub/home,Keene
290,Saco Valley Gem and Mineral Club,http://www.sacovalleygemandmineralclub.org/,Conway
291,Southeastern New Hampshire Mineral Club,https://www.senhmc.org/,Dover
292,Cape Atlantic Rockhounds Inc.,http://www.capeatlanticrockhounds.com/,Cologne
293,Delaware Valley Earth Science Society,http://www.dvess.org/,Woodbury
294,Friends of Mineralogy - New Jersey Chapter,https://fomnj.wordpress.com/,Marlboro Township
295,Morris Museum Mineralogical Society,http://morrismuseum.org/mineral-society/,Morristown
296,"New Jersey Mineralogical Society, Inc",http://www.njmin.org/,Mountainside
297,"North Jersey Mineralogical Society, Inc.",http://www.nojms.webs.com/,Paterson
298,Albuquerque Gem & Mineral Club,http://www.agmc.info/,Albuquerque
299,Carlsbad Gem and Mineral Society,http://www.carlsbadgms.org/,Carlsbad
300,Deming Gem & Mineral Society,http://www.thedgms.com/,Deming
301,"Grant County Rolling Stones Gem & Mineral Society, Inc.",http://rollingstonesgms.blogspot.com/,Silver City
302,Los Alamos Geological Society,http://pweb.netcom.com/~hoffmans/LAGS.html,Los Alamos
303,"Buffalo Geological Society, Inc.",http://www.bgsny.org/,Buffalo
304,Capital District Mineral Club,http://capitaldistrictmineralclub.com/,Albany
305,"Gem and Mineral Society of Syracuse, Inc.",http://www.gmss.us/,Syracuse
306,Island Rockhounds Inc.,http://www.islandrockhounds.org/,Bellmore
307,Long Island Mineral & Geology Society,http://www.limineralandgeology.com/LiMags/Home.html,Jamesport
308,Mid-Hudson Valley Gem and Mineral Society Inc.,http://mhvgms.org/index.html,Poughkeepsie
309,Nassau Mineral Club,http://nassaumineralclub.org/,Glen Cove
310,New York Mineralogical Club,http://www.newyorkmineralogicalclub.org/,NYC
311,New York Paleontological Society,http://www.nyps.org/index.htm,NYC
312,Orange County Mineral Society,http://www.orangecountymineralsocietynewyork.com/,Middletown
313,Rochester Academy of Science,http://www.rasny.org/,Rochester
314,Rochester Lapiday Society,http://www.rochesterlapidary.org/,Rochester
315,St. Lawrence County Rock & Mineral Club,http://stlawrencecountymineralclub.org/,Canton
316,Suffolk Gem & Mineral Club,http://www.suffolkgem.com/,Bay Shore
317,Wayne County Gem and Mineral Club,http://www.wcgmc.org/,Newark
318,Cape Fear Mineral & Gem Society,http://www.mercergarden.com/GemClub.html,Fayetteville
319,Catawba Valley Gem & Mineral Club,http://www.cvgmc.com/,Hickory
320,Central North Carolina Mineral Club,http://www.centralncmineralclub.org/,Chapel Hill
321,Charlotte Gem & Mineral Club,http://www.charlottegem.com/,Charlotte
322,Forsyth Gem and Mineral Club,http://www.forsythgemclub.com/fgmcmain.html,Winston-Salem
323,"Gaston Gem, Mineral and Faceters Club",http://gastongemclub.weebly.com/,Gastonia
324,Gem & Mineral Society of Franklin,http://www.fgmm.org/,Franklin
325,Greensboro Gem & Mineral Club,http://www.ggmc-rockhounds.com/,Greensboro
326,Henderson County Gem and Mineral Society,http://hcgms.com/index.html,Hendersonville
327,Mountain Area Gem and Mineral Association (MAGMA),http://www.wncrocks.com/magma/magma.html,Asheville
328,North Carolina Fossil Club,http://www.ncfossilclub.org/,Raleigh
329,Southern Appalachian Mineral Society,http://www.main.nc.us/sams/,Asheville
330,Tar Heel Gem & Mineral Club,http://www.tarheelclub.org/,Raleigh
331,Central Dakota Gem & Mineral Society,https://ndrockclub.org/,Bismarck
332,Brukner Gem and Mineral Club,http://www.bruknergemandmineralclub.com/,Troy
333,Cincinnati Mineral Society,http://mineralsociety.org/,Cincinnati
334,Columbus Rock and Mineral Society,http://www.columbusrockandmineralsociety.org/,Columbus
335,Dayton Gem & Mineral Society,https://www.facebook.com/The-Dayton-Gem-Mineral-Society-140478502678195/,Kettering
336,Dry Dredgers,http://drydredgers.org/,Cincinnati
337,Greater Cincinati Lapidary and Faceting Society,http://cincinnatilapidary.weebly.com/,Loveland
338,North Coast Fossil Club,http://ncfclub.org/,Cleveland
339,Ohio Geological Society,https://ohiogeosoc.org/,Worthington
340,Parma Lapidary Club,http://www.parmalapidary.com/,Cleveland
341,Richland Lithic & Lapidary Society,http://rlls.webs.com/,Mansfield
342,Summit Lapidary Club,http://lapidaryclubofohio.org/,Cuyahoga Falls
343,Toledo Gem & Rockhound Club,http://rockyreader.com/,Toledo
344,"Ada Gem, Mineral and Fossil Club",http://www.freewebs.com/agmfc/,Ada
345,Enid Gem & Mineral Society,http://www.enidgemandmineral.org/,Enid
346,Oklahoma Mineral and Gem Society,http://omgs-minerals.org/,Oklahoma City
347,Shawnee Gem and Mineral Society,https://www.facebook.com/Shawnee-Gem-and-Mineral-Society-524175917629452/,Shawnee
348,Tulsa Rock and Mineral Society,http://www.ttownrockhound.org/,Tulsa
349,Tahlequah Rock and Mineral Society,http://tramsok.webs.com/,Tahlequah
350,Central Oregon Rock Collectors,https://corockcollectors.com/,Redmond
351,Clackamette Mineral and Gem Club,http://www.clackamettegem.org/,Oregon City
352,Columbia-Willamette Faceters' Guild,http://facetersguild.com/,Portland/West Linn
353,FarWest Lapidary & Gem Society,http://www.farwestlapidary.org/,North Bend
354,Hatrockhounds Gem and Mineral Society,http://jall23.wixsite.com/hatrockhounds,Hermiston
355,Millennium Diggers Club,http://www.millenniumdiggers.com/,Portland
356,Mt Hood Rock Club,https://mthoodrockclub.wordpress.com/,Gresham
357,North American Research Group,http://narg-online.com/,Hillsboro
358,"Oregon Agate & Mineral Society, Inc.",http://www.oregonagate.org/,Portland
359,Oregon Coast Agate Club,http://www.coastagates.org/,Newport
360,Prineville Rockhound Pow-Wow Assoc.,http://prineville.rocks/,Prineville
361,Rock and Arrowhead Club of Klamath Falls,http://www.klamathrockclub.org/,Klamath Falls
362,Springfield Thunderegg Rock Club,http://thundereggrockclub.blogspot.com/,Springfield
363,Tualatin Valley Gem Club,https://tvrgc.org/,Forest Grove
364,"Willamette Agate and Mineral Society, Inc.",http://www.wamsi.net/,Salem
365,"Central Pennsylvania Rock and Mineral Club, Inc.",http://www.rockandmineral.org/,Harrisburg
366,"Che-Hanna Rock and Mineral Club, Inc.",http://www.chehannarocks.com/,Sayre
367,Delaware Valley Paleontological Society,https://sites.google.com/site/dvpspaleo/,Philadelphia
368,Friends of Mineralogy - Pennsylvania Chapter,http://www.rasloto.com/FM/,St. Peters
369,Gem City Rock and Mineral Society,http://www.gemcityrockclub.org/,Erie
370,Leidy Microscopical Society,http://leidymicroscopical.com/,Fairless Hills
371,"Mason-Dixon Rock, Mineral, Gemological, & Lapidary Club",http://topgemz.com/,Hanover
372,Mineralogical Society of Northeastern Pennsylvania,http://msnepa.org/,Moosic
373,Monongahela Rockhounds,http://www.monongahelarockhounds.org/,Pittsburgh
374,Monroe County Earth Science Association,http://www.mdsysconsulting.com/MCESA/,Stroudsburg
375,Moraine Rockbusters,http://www.morainerockbusters.org/,Mars
376,Nittany Mineralogical Society,http://www.nittanymineral.org/,State College
377,Pennsylvania Earth Sciences Association,http://www.mineralfest.com/,Whitehall
378,Philadelphia Mineralogical Society,http://www.phillyrocks.org/,Philadelphia
379,Pittsburgh Geological Society,http://www.pittsburghgeologicalsociety.org/index.html,Pittsburgh
380,Tuscarora Lapidary Society,http://www.lapidary.org/,Brookhaven
381,"Rhode Island Mineral Hunters, Inc.",http://rimh.us/,Warwick
382,Aiken Gem and Mineral Society,http://www.aikengmfs.org/,Aiken
383,Columbia Gem & Mineral Society,http://www.cgams.org/,Columbia
384,Lowcountry Gem and Mineral Society,http://lowcountrygemandmineralsociety.org/,North Charleston
385,Pendleton District Gem and Mineral Society,http://www.woodsmere.com/pdgms/,Central
386,Western South Carolina Gem and Mineral Society,http://www.wescagem.org/,Greenville
387,Sioux Empire Gem and Mineral Society,http://www.segams.org/,Sioux Falls
388,Western Dakota Gem & Mineral Society,http://www.wdgms.org/,Rapid City
389,Knoxville Gem & Mineral Society,http://www.knoxrocks.org/,Knoxville
390,Memphis Archaeological & Geological Society,http://www.memphisgeology.org/,Memphis
391,Middle Tennessee Rockhounds,http://www.rockhound.org/,Nashville
392,Mid-Tennessee Gem and Mineral Society,http://www.mtgms.org/,"Murfreesboro, Donelson, Tullahoma"
393,Arlington Gem and Mineral Club,http://www.agemclub.org/,Arlington
394,Austin Gem and Mineral Society,http://www.austingemandmineral.org/index.html,Austin
395,Central Texas Gem & Mineral Society,http://rockclub.txol.net/,Abilene
396,Chihuahuan Desert Gem and Mineral Club,http://www.cdgmc.org/,Alpine
397,Clear Lake Gem and Mineral Society,http://www.clgms.org/,Houston
398,"Cowtown Gem, Mineral & Glass Society",http://cera-fw.org/gem-mineral-glass/,Fort Worth
399,Dallas Gem and Mineral Society,http://www.dallasgemandmineral.org/,Dallas
400,Dallas Paleontological Society,https://dps.wildapricot.org/,Dallas
401,East Texas Gem and Mineral Society,http://www.etgms.com/,Tyler
402,"El Paso Mineral and Gem Society, Inc.",http://www.epmgs.com/,El Paso
403,Fort Worth Gem and Mineral Club,http://www.fortworthgemandmineralclub.org/,Fort Worth
404,Fredericksburg Rockhounds,http://fredericksburgrockhounds.org/,Fredericksburg
405,Geological Society of San Antonio,http://www.geosa.org/,San Antonio
406,"Golden Spread Gem, Mineral and Treasure Society",http://www.amarillotreasure.com/,Amarillo
407,Gulf Coast Gem & Mineral Society,http://www.gcgms.org/,Corpus Christi
408,Houston Gem and Mineral Society,http://www.hgms.org/,Houston
409,Lubbock Gem and Mineral Society,http://www.lubbockgemandmineral.org/,Lubbock
410,"Midland Gem and Mineral Society, Inc.",https://www.facebook.com/midlandgemandmineral/,Midland
411,Oak Cliff Gem and Mineral Society,http://www.ocgemandmineral.com/,Dallas
412,Paleontological Society of Austin,http://www.austinpaleo.org/,Austin
413,Pine Country Gem & Mineral Society,http://www.pinecountry-gms.org/,Jasper
414,Piney Woods Gem & Mineral Society,http://www.pwgms.org/,Huntsville
415,Pleasant Oaks Gem & Mineral Club,http://www.pogmc.org/,Dallas
416,"Rollin' Rock Club, Inc.",https://sites.google.com/site/rollinrockclub/,Rollin' Rock Club Of Texas And Any Other State Or Country Of The World and Outer Space
417,South Texas Geological Society,http://www.stgs.org/,San Antonio
418,Southwest Gem and Mineral Society,http://www.swgemandmineral.org/,San Antonio
419,Texas Faceters Guild,http://texasfacetersguild.org/,Houston
420,"Tri-City Gem and Mineral Society, Inc.",https://www.facebook.com/midlandgemandmineral/,Temple
421,Waco Gem and Mineral Club,http://www.wacogemandmineral.org/,Waco
422,Williamson County Gem and Mineral Society,http://www.wcgms.org/,Georgetown
423,"Wise County Fossil, Rock and Mineral Society",http://wisecofossilrockandmineralsoc.weebly.com/,Decatur
424,Beehive Rock and Gem Club,http://www.beehiverockandgem.com/,Ogden
425,Cache Rock and Gem Club,http://cacherockgemclub.weebly.com/,Smithfield
426,Golden Spike Gem & Mineral Society,http://goldenspikegem.org/,Ogden
427,Mineral Collectors of Utah,http://m-c-u.org/,Salt Lake City
428,Moab Rock Club,https://www.facebook.com/Moab-Rock-Club-1508131859497762/,Moab
429,Rockhounders Outreach for Community Knowledge,http://www.rockhoundersock.com/,Sandy
430,Timpanogos Gem & Mineral Society,http://timprocks.weebly.com/,Provo
431,Tooele Gem & Mineral Society,https://www.facebook.com/Tooele-Gem-Mineral-Society-1742342656045404/,Tooele
432,Wasatch Gem Society,http://www.wasatchgemsociety.com/,Salt Lake City
433,Burlington Gem and Mineral Club,http://www.burlingtongemandmineralclub.org/,Burlington
434,Rutland Rock & Mineral Club,http://www.rutlandrockmineralclub.50webs.com/,Rutland
435,"Gem and Mineral Hunters, Inc.",http://www.gmhonline.org/,Manassas
436,Gem and Mineral Society of Lynchburg,http://www.lynchburgrockclub.org/,Lynchburg
437,Gem and Mineral Society of the Virginia Peninsula,http://www.gmsvp.org/,Hampton
438,"Northern Virginia Mineral Club, Inc.",http://www.novamineralclub.org/,Arlington
439,Richmond Gem & Mineral Society,http://www.rgms-va.info/,Richmond
440,Roanoke Valley Mineral & Gem Society,https://www.facebook.com/RVMGS/,Roanoke
441,Shenandoah Valley Gem & Mineral Society,http://www.shenandoahvalleyrockclub.org/,Waynesboro
442,Tidewater Gem & Mineral Society,http://tgms.weebly.com/,Virginia Beach
443,"Bellevue Rock Club, Inc.",http://www.bellevuerockclub.org/,Bellevue
444,Cascade Mineralogical Society Inc,http://www.cascademineralogicalsociety.org/,Kent
445,Clallam County Gem & Mineral Association,http://www.olympicrocks.com/,Port Angeles
446,Darrington Rock & Gem Club,https://www.facebook.com/DarringtonRGC/,Darrington
447,East KingCo Rock Club,http://www.eastkingco.org/,Kirkland
448,Everett Rock & Gem Club,http://www.everettrockclub.com/,Everett
449,Ginkgo Mineral Society,http://wenatcheerockclub.org/,Wenatchee
450,Kitsap Mineral and Gem Societ,http://www.kmgs.org/,Bremerton
451,"Lakeside Gem & Mineral Club, Inc.",http://www.lakesidegemandmineralclub.com/,Kennewick
452,Maplewood Rock & Gem Community Club,http://www.maplewoodrockclub.com/,Edmonds
453,Marcus Whitman Gem and Mineral Society,https://www.sites.google.com/site/mwgemandmineral/,Walla Walla
454,"Marysville Rock & Gem Club, Inc.",https://sites.google.com/site/marysvillerockngemclub/,Marysville
455,Mount Baker Rock And Gem Club,http://mtbakerrockclub.org/,Bellingham
456,North American Miners Association,http://www.namaminers.org/,Kent
457,North Puget Sound Facetors Guild,http://www.facetguild.com/,Mount Vernon
458,Northwest Paleontological Association,http://nwpaleo.org/,Puget Sound
459,Panorama Gem & Mineral Club,http://panoramagem.com/,Arden
460,Puyallup Valley Gem & Mineral Club,https://www.facebook.com/PuyallupValleyGemClub,Puyallup
461,Skagit Rock and Gem Club,https://www.skagitrockandgem.com/,Mt. Vernon
462,Spokane Rock Rollers Club,http://www.rockrollers.org/WP/,Spokane Valley
463,North Seattle Lapidary & Mineral Club,http://www.northseattlerockclub.org,Seattle
464,Washington Agate and Mineral Society,https://wamsolympia.wordpress.com,Olympia
465,West Seattle Rock Club,http://www.westseattlerockclub.org/,Seattle
466,Yakima Rock & Mineral Club,http://www.yakimarockclub.com/,Yakima
467,Kanawha Rock and Gem Club,http://www.kanawharockandgemclub.org/,Charleston
468,Prehistoric West Virginia,http://prehistoricplanet.com/wv/,Morgantown
469,West Virginia Fossil Club Inc,http://www.westvirginiafossilclub.com/,Clarksburg
470,"Badger Lapidary & Geological Society, Inc.",http://www.badgerrockclub.org/,Monroe
471,Coulee Rock Club of La Crosse,https://www.facebook.com/pages/The-Coulee-Rock-Club/182345351787782,La Crosse
472,Heart of Wisconsin Gem & Mineral Society,https://www.heartofwisconsinrocks.com/,Marshfield & Stevens Point
473,Kettle Moraine Geological Society,http://www.kmgsrocks.com/,Pewaukee
474,Lakeland Gem Club,http://www.lakelandgemclub.com/,Minocqua
475,Madison Gem and Mineral Club,http://www.madisonrockclub.org/,Madison
476,Northwest Wisconsin Gem & Mineral Society,http://www.cameronamericanlegion.org/rockclub.html,Cameron
477,Oshkosh Earth Science Club,https://sites.google.com/site/oshkoshearthscienceclub/home,Oshkosh
478,"Racine Geological Society, Inc",http://rgs-wi.tripod.com/,Racine
479,Weis'n'Miners Geology Club,http://www.weismuseum.org/geology-club.html,Menasha
480,Wisconsin Geological Society,http://www.wisgeologicalsociety.com/,West Allis
481,Cody 59ers Rock Club,http://www.cody59ers.com/,Cody
482,Riverton Mineral and Gem Society,http://www.rivertonmgs.com/,Riverton
483,Wyoming State Mineral and Gem Society,http://wymineralandgemsociety.org,Cody
